2011-04-19  ftopf

    * .buildpath, .project, .settings, DbConnector.php, ObservatoryView.php,
      SpacemissionView.php, account.php, controller.inc.php, css, functions.js,
      functions.php, images, index.php, jquery-1.4.2.min.js,
      jquery-ui-1.8.10.custom.css, jquery-ui-1.8.10.custom.min.js,
      jquery.validate.min.js, js, observatories.php, org.eclipse.php.core.prefs,
      registration.php, reset.php, search.php, spacemissions.php, style.css:
      Next step for v0.2 restructuring the filesystem step 1, removed obsolete
      js files, fixed an issue with new DbConnector at pages (we can use
      controllers db connection)

    * DbConfig.php, DbConnector.php, Observatory.php, ObservatoryEditAll.php,
      ObservatoryView.php, ObservatoryViewAll.php, Spacemission.php,
      SpacemissionEditAll.php, SpacemissionView.php, SpacemissionViewAll.php,
      account.php, config.inc.php, controller.inc.php, functions.php, index.php,
      login.php, observatories.php, parameters.php, registration.php, reset.php,
      search.php, setup.php, show.php, spacemissions.php: complete rewrite of
      database connections -> DbConnector class now used for everything. new
      config file for database: DBConfig.php, new config file for project:
      config.inc.php

    * Observatory.php, Spacemission.php: Added models with new name again

    * observatory.php, spacemission.php: Removed again models (due to svn error)

    * Observatory.php, Spacemission.php: Removed again models (due to svn error)

    * .project, ModelDAO.php, Observatory.php, ObservatoryEditAll.php,
      Spacemission.php, SpacemissionEditAll.php, _db_config_8php.html,
      _db_config_8php_source.html, _db_connector_8php.html,
      _db_connector_8php_source.html, _europlanet_na1-rev120.sql,
      _europlanet_na1-rev204.sql, _europlanet_na1-rev208.sql,
      _europlanet_na1-rev211.sql, _europlanet_na1-rev240.sql,
      _europlanet_na1-rev241.sql, _europlanet_na1-rev245.sql,
      _europlanet_na1-rev250.sql, _europlanet_na1-rev252.sql,
      _europlanet_na1-rev28.sql, _europlanet_na1-rev29.sql,
      _europlanet_na1-rev292.sql, _europlanet_na1-rev293.sql,
      _europlanet_na1-rev30.sql, _europlanet_na1-rev76.sql,
      _europlanet_na1-rev77.sql, _europlanet_na1-rev78.sql,
      _europlanet_na1-rev82.sql, _europlanet_na1_rev203.sql,
      _europlanet_na1_rev253.sql, _europlanet_na1_rev301.sql,
      _model_d_a_o_8php.html, _model_d_a_o_8php_source.html,
      _observatory_create_update_8php.html,
      _observatory_create_update_8php_source.html,
      _observatory_edit_all_8php.html, _observatory_edit_all_8php_source.html,
      _observatory_view_all_8php.html, _observatory_view_all_8php_source.html,
      _spacemission_create_update_8php.html,
      _spacemission_create_update_8php_source.html,
      _spacemission_edit_all_8php.html, _spacemission_edit_all_8php_source.html,
      _spacemission_view_all_8php.html, _spacemission_view_all_8php_source.html,
      account_8php.html, account_8php_source.html, add.php, all_24.html,
      all_5f.html, all_61.html, all_63.html, all_64.html, all_66.html,
      all_67.html, all_69.html, all_6c.html, all_6d.html, all_6e.html,
      all_6f.html, all_70.html, all_71.html, all_73.html, all_74.html,
      all_75.html, annotated.html, browse.php, class_controller.html,
      class_db_connector.html, class_db_connector.png, class_model_d_a_o.html,
      class_observatory.html, class_observatory_d_a_o.html,
      class_spacemission.html, class_spacemission_d_a_o.html,
      class_system_component.html, class_system_component.png, classes.html,
      classes_63.html, classes_64.html, classes_6d.html, classes_6f.html,
      classes_73.html, controller.inc.php, controller_8inc_8php.html,
      controller_8inc_8php_source.html, edit.php, files.html, files_61.html,
      files_63.html, files_64.html, files_6d.html, files_6f.html, files_73.html,
      functions.html, functions_5f.html, functions_61.html, functions_63.html,
      functions_64.html, functions_66.html, functions_67.html,
      functions_69.html, functions_70.html, functions_71.html,
      functions_73.html, functions_75.html, functions_8php.html,
      functions_8php_source.html, functions_func.html, functions_vars.html,
      globals.html, globals_enum.html, globals_func.html, globals_vars.html,
      hierarchy.html, home_8php.html, home_8php_source.html, index.php,
      index_8php.html, index_8php_source.html, key_words.xls, login_8php.html,
      login_8php_source.html, logout_8php.html, logout_8php_source.html,
      main.html, observatories.php, observatories_8php.html,
      observatories_8php_source.html, observatory.php, observatory_8php.html,
      observatory_8php_source.html, pages.html, parameters_8php.html,
      parameters_8php_source.html, registration_8php.html,
      registration_8php_source.html, reset_8php.html, reset_8php_source.html,
      search.js, search.php, search_8php.html, search_8php_source.html,
      setup_8php.html, setup_8php_source.html, show.php, show_8php.html,
      show_8php_source.html, spacemission.php, spacemission_8php.html,
      spacemission_8php_source.html, spacemissions.php, spacemissions_8php.html,
      spacemissions_8php_source.html, todo.html, tree.html, variables_24.html,
      variables_61.html, variables_63.html, variables_64.html,
      variables_67.html, variables_69.html, variables_6c.html,
      variables_6e.html, variables_74.html: Modified some includes / requires,
      removed obsolete alter scripts for database, removed old edit/browse/add
      pages from v0.1, added new doxygen, renamed models, added new keywords.xls

    * ChangeLog, DbConfig.php, DbConnector.php, Doxyfile, ModelDAO.php,
      ObservatoryCreateUpdate.php, ObservatoryEditAll.php,
      ObservatoryViewAll.php, SpacemissionCreateUpdate.php,
      SpacemissionEditAll.php, SpacemissionViewAll.php, TODO, account.php,
      controller.inc.php, database, docs, europlanet_na1-dump-18-04-2011.sql,
      functions.php, functions_wavelength.js, home.php, htaccess, images, inc,
      index.php, jquery-1.4.4.min.js, jquery-ui-1.8.10.custom.css,
      jquery-ui-1.8.10.custom.min.js, lib, login.php, logout.php, models,
      observatory.php, orm, pages, php, registration.php, reset.php, search.php,
      setup.php, show.php, spacemission.php, svncl.pl, trunk,
      ui-bg_diagonals-thick_18_b81900_40x40.png,
      ui-bg_diagonals-thick_20_666666_40x40.png,
      ui-bg_flat_10_000000_40x100.png, ui-bg_glass_100_f6f6f6_1x400.png,
      ui-bg_glass_100_fdf5ce_1x400.png, ui-bg_glass_65_ffffff_1x400.png,
      ui-bg_gloss-wave_35_f6a828_500x100.png,
      ui-bg_highlight-soft_100_eeeeee_1x100.png,
      ui-bg_highlight-soft_75_ffe45c_1x100.png, ui-icons_222222_256x240.png,
      ui-icons_228ef1_256x240.png, ui-icons_ef8c08_256x240.png,
      ui-icons_ffd27a_256x240.png, ui-icons_ffffff_256x240.png,
      updateChangeLogs.sh, views: Added new trunk folder content going for
      version 0.2

